decoder,flagged_fraction,error_rate_flagged,error_rate_unflagged,risk_ratio,mutual_information_bits,share_of_failures_on_flagged
peel,0.89196,0.3946813758464505,0.1630877452795261,2.420055382885954,0.017889212555517182,0.9523345777200671
BP-ms-10,0.89196,0.41829230010314367,0.014624213254350241,28.602721584268128,0.06760365253270781,0.9957830682182128
BP-ms-30,0.89196,0.40674469707161753,0.011662347278785635,34.87674370763298,0.06665640370814202,0.9965390320276878
BP-ps-30,0.89196,0.07991389748419211,0.012217697149203998,6.54083142741827,0.006814078943156967,0.9818181818181818
control-flagged-20%,0.89196,0.4991479438539845,0.1630877452795261,3.060609753347587,0.03473047524011507,0.9619306887909429
control-flagged-50%,0.89196,0.6570249786985963,0.1630877452795261,4.0286594040066035,0.07203068384272877,0.9708113838915946
control-any-20%,0.89196,0.4991479438539845,0.32210292484265085,1.5496535590225426,0.00893485064042246,0.9275030207074705
BP-ms-100,0.89196,0.39580250235436565,0.011106997408367271,35.63541862863806,0.06447368649346588,0.9966124661246613
BP-ms-5,0.89196,0.5208529530472219,0.021103295075897817,24.681119757553443,0.09004248027938645,0.9951163089577175
peel-naive,0.89196,0.6632360195524463,0.1630877452795261,4.066743447925442,0.07388136151316703,0.9710768220617203
OSD-0,0.89196,0.0065922238665411005,0.0,inf,0.0009729341289819785,1.0
OSD-CS4,0.89196,0.0015023095206063053,0.0,inf,0.00022118880669554073,1.0
LSD-0,0.89196,0.006569801336382798,0.0,inf,0.000969614503353717,1.0
LSD-CS4,0.89196,0.005224449526884614,0.0,inf,0.0007705663779431272,1.0
OSD-CS2,0.89196,0.0015023095206063053,0.0,inf,0.00022118880669554073,1.0
OSD-CS7,0.89196,0.001457464460289699,0.0,inf,0.0002145816037912785,1.0
LSD-CS2,0.89196,0.005358984707834432,0.0,inf,0.000790459743271964,1.0
