decoder,compared_with,failures,fixed_by_other,broken_by_other
OSD-0,OSD-CS4,294,229,2
OSD-0,LSD-0,294,2,1
OSD-0,LSD-CS4,294,63,2
OSD-0,OSD-CS2,294,229,2
OSD-0,OSD-CS7,294,231,2
OSD-0,LSD-CS2,294,56,1
OSD-CS4,OSD-0,67,2,229
OSD-CS4,LSD-0,67,4,230
OSD-CS4,LSD-CS4,67,7,173
OSD-CS4,OSD-CS2,67,0,0
OSD-CS4,OSD-CS7,67,3,1
OSD-CS4,LSD-CS2,67,8,180
LSD-0,OSD-0,293,1,2
LSD-0,OSD-CS4,293,230,4
LSD-0,LSD-CS4,293,62,2
LSD-0,OSD-CS2,293,230,4
LSD-0,OSD-CS7,293,232,4
LSD-0,LSD-CS2,293,55,1
LSD-CS4,OSD-0,233,2,63
LSD-CS4,OSD-CS4,233,173,7
LSD-CS4,LSD-0,233,2,62
LSD-CS4,OSD-CS2,233,173,7
LSD-CS4,OSD-CS7,233,174,6
LSD-CS4,LSD-CS2,233,2,8
OSD-CS2,OSD-0,67,2,229
OSD-CS2,OSD-CS4,67,0,0
OSD-CS2,LSD-0,67,4,230
OSD-CS2,LSD-CS4,67,7,173
OSD-CS2,OSD-CS7,67,3,1
OSD-CS2,LSD-CS2,67,8,180
OSD-CS7,OSD-0,65,2,231
OSD-CS7,OSD-CS4,65,1,3
OSD-CS7,LSD-0,65,4,232
OSD-CS7,LSD-CS4,65,6,174
OSD-CS7,OSD-CS2,65,1,3
OSD-CS7,LSD-CS2,65,7,181
LSD-CS2,OSD-0,239,1,56
LSD-CS2,OSD-CS4,239,180,8
LSD-CS2,LSD-0,239,1,55
LSD-CS2,LSD-CS4,239,8,2
LSD-CS2,OSD-CS2,239,180,8
LSD-CS2,OSD-CS7,239,181,7
