weak,converged,silent,silent_rate,silent_rate_upper,silent_on_flagged,median_time_us
peel,27734,0,0.0,0.00013849671706251288,0,22.799999237060547
BP-ms-10,24709,0,0.0,0.0001554495457131081,0,2459.64990234375
BP-ms-30,25459,0,0.0,0.00015087082817967967,0,4326.64990234375
BP-ps-30,45286,8,0.00017665503687673895,0.00034858560960951987,7,8277.599609375
control-flagged-20%,27734,4659,0.1679887502704262,0.17243468693698144,4659,39.0
control-flagged-50%,27734,11700,0.42186485901781207,0.4276876302395328,11700,40.79999923706055
control-any-20%,27734,5518,0.19896156342395616,0.20370163594158636,4659,41.099998474121094
BP-ms-100,26160,0,0.0,0.00014682859110414428,0,4302.0498046875
BP-ms-5,22691,0,0.0,0.00016927194592096206,0,1993.5
peel-naive,12335,0,0.0,0.00031134203068138906,0,19.100000381469727
