weak,strong,rule,failures,ler,escalation,silent,unconverged,catch,harm,worse,better,p,cost_us,breakeven,saving,ler_low,ler_high
peel,OSD-0,primary_fail,7,0.00035,0.6476,0,0,0,0,0,0,1.0,465607.4128459976,nan,0.0,0.00016955101329104707,0.0007223576688892798
peel,OSD-0,flag>=1,7,0.00035,0.9419,0,0,0,0,0,0,1.0,596375.5318313888,0.3297294269228615,-0.2808548905741832,0.00016955101329104707,0.0007223576688892798
peel,OSD-0,flag>=2,7,0.00035,0.83325,0,0,0,0,0,0,1.0,546590.8985822159,0.2846955988345347,-0.17393083422192857,0.00016955101329104707,0.0007223576688892798
peel,OSD-0,flag>=3,7,0.00035,0.73645,0,0,0,0,0,0,1.0,502103.573457695,0.2342472976535726,-0.07838397672540642,0.00016955101329104707,0.0007223576688892798
peel,OSD-0,flag>=4,7,0.00035,0.68275,0,0,0,0,0,0,1.0,478262.4330591629,0.19056654920032537,-0.027179593503059207,0.00016955101329104707,0.0007223576688892798
peel,OSD-0,rounds>=2,7,0.00035,0.8162,0,0,0,0,0,0,1.0,538895.1080399918,0.280766028309742,-0.15740233761749534,0.00016955101329104707,0.0007223576688892798
peel,OSD-0,rounds>=3,7,0.00035,0.71045,0,0,0,0,0,0,1.0,491399.2335476608,0.229714912280702,-0.055393921982496375,0.00016955101329104707,0.0007223576688892798
peel,OSD-0,flag-only,520,0.026,0.89255,0,513,0,0,513,0,7.458340731200207e-155,565696.9201345626,0.2744384068119433,-0.2149654505644012,0.023883861483393318,0.02829819538712299
peel,OSD-CS4,primary_fail,3,0.00015,0.6476,0,0,0,0,0,0,1.0,4435111.901414625,nan,0.0,5.101389475340828e-05,0.0004409716046718622
peel,OSD-CS4,flag>=1,3,0.00015,0.9419,0,0,0,0,0,0,1.0,6046820.534179509,0.3297294269228615,-0.36339751252968666,5.101389475340828e-05,0.0004409716046718622
peel,OSD-CS4,flag>=2,3,0.00015,0.83325,0,0,0,0,0,0,1.0,5495438.0820967425,0.2846955988345347,-0.23907540649513592,5.101389475340828e-05,0.0004409716046718622
peel,OSD-CS4,flag>=3,3,0.00015,0.73645,0,0,0,0,0,0,1.0,4954013.838696879,0.2342472976535726,-0.11699861216957008,5.101389475340828e-05,0.0004409716046718622
peel,OSD-CS4,flag>=4,3,0.00015,0.68275,0,0,0,0,0,0,1.0,4645865.349198201,0.19056654920032537,-0.047519307847983194,5.101389475340828e-05,0.0004409716046718622
peel,OSD-CS4,rounds>=2,3,0.00015,0.8162,0,0,0,0,0,0,1.0,5403061.863656862,0.280766028309742,-0.21824702144121733,5.101389475340828e-05,0.0004409716046718622
peel,OSD-CS4,rounds>=3,3,0.00015,0.71045,0,0,0,0,0,0,1.0,4804853.07467332,0.229714912280702,-0.08336681947996882,5.101389475340828e-05,0.0004409716046718622
peel,OSD-CS4,flag-only,516,0.0258,0.89255,0,513,0,0,513,0,7.458340731200207e-155,5737907.606432121,0.2744384068119433,-0.2937458476756709,0.023692163960257667,0.02808996972750359
peel,LSD-0,primary_fail,7,0.00035,0.6476,0,0,0,0,0,0,1.0,386384.046600441,nan,0.0,0.00016955101329104707,0.0007223576688892798
peel,LSD-0,flag>=1,7,0.00035,0.9419,0,0,0,0,0,0,1.0,480769.668262175,0.3297294269228615,-0.2442792928232309,0.00016955101329104707,0.0007223576688892798
peel,LSD-0,flag>=2,7,0.00035,0.83325,0,0,0,0,0,0,1.0,444384.01970077056,0.2846955988345347,-0.15010964766955626,0.00016955101329104707,0.0007223576688892798
peel,LSD-0,flag>=3,7,0.00035,0.73645,0,0,0,0,0,0,1.0,410879.2812837448,0.2342472976535726,-0.06339608195219881,0.00016955101329104707,0.0007223576688892798
peel,LSD-0,flag>=4,7,0.00035,0.68275,0,0,0,0,0,0,1.0,394705.27726844023,0.19056654920032537,-0.02153616522527968,0.00016955101329104707,0.0007223576688892798
peel,LSD-0,rounds>=2,7,0.00035,0.8162,0,0,0,0,0,0,1.0,438828.71343974763,0.280766028309742,-0.1357319674575994,0.00016955101329104707,0.0007223576688892798
peel,LSD-0,rounds>=3,7,0.00035,0.71045,0,0,0,0,0,0,1.0,403393.5678350876,0.229714912280702,-0.044022317650801224,0.00016955101329104707,0.0007223576688892798
peel,LSD-0,flag-only,520,0.026,0.89255,0,513,0,0,513,0,7.458340731200207e-155,456705.4809476975,0.2744384068119433,-0.18199880395159207,0.023883861483393318,0.02829819538712299
peel,LSD-CS4,primary_fail,7,0.00035,0.6476,0,0,0,0,0,0,1.0,418082.7847843521,nan,0.0,0.00016955101329104707,0.0007223576688892798
peel,LSD-CS4,flag>=1,7,0.00035,0.9419,0,0,0,0,0,0,1.0,524579.1946983567,0.3297294269228615,-0.2547256519278487,0.00016955101329104707,0.0007223576688892798
peel,LSD-CS4,flag>=2,7,0.00035,0.83325,0,0,0,0,0,0,1.0,483977.28801551665,0.2846955988345347,-0.15761113738551336,0.00016955101329104707,0.0007223576688892798
peel,LSD-CS4,flag>=3,7,0.00035,0.73645,0,0,0,0,0,0,1.0,446576.8651908493,0.2342472976535726,-0.06815415856262641,0.00016955101329104707,0.0007223576688892798
peel,LSD-CS4,flag>=4,7,0.00035,0.68275,0,0,0,0,0,0,1.0,427792.40504458774,0.19056654920032537,-0.02322415706555314,0.00016955101329104707,0.0007223576688892798
peel,LSD-CS4,rounds>=2,7,0.00035,0.8162,0,0,0,0,0,0,1.0,477588.7088685562,0.280766028309742,-0.14233048154541295,0.00016955101329104707,0.0007223576688892798
peel,LSD-CS4,rounds>=3,7,0.00035,0.71045,0,0,0,0,0,0,1.0,437885.0532609421,0.229714912280702,-0.04736446751043344,0.00016955101329104707,0.0007223576688892798
peel,LSD-CS4,flag-only,520,0.026,0.89255,0,513,0,0,513,0,7.458340731200207e-155,498215.7371014572,0.2744384068119433,-0.191667667824299,0.023883861483393318,0.02829819538712299
BP-ms-10,OSD-0,primary_fail,7,0.00035,0.92695,0,0,0,0,0,0,1.0,857423.3823061408,nan,0.0,0.00016955101329104707,0.0007223576688892798
BP-ms-10,OSD-0,flag>=1,7,0.00035,0.981,0,0,0,0,0,0,1.0,643860.0443886848,0.06055683155005315,0.24907571023203545,0.00016955101329104707,0.0007223576688892798
BP-ms-10,OSD-0,flag>=2,7,0.00035,0.95545,0,0,0,0,0,0,1.0,698915.879607557,0.043704953228032466,0.18486491734370403,0.00016955101329104707,0.0007223576688892798
BP-ms-10,OSD-0,flag>=3,7,0.00035,0.93815,0,0,0,0,0,0,1.0,763359.2148130257,0.029528078038491924,0.10970562435575126,0.00016955101329104707,0.0007223576688892798
BP-ms-10,OSD-0,flag>=4,7,0.00035,0.9304,0,0,0,0,0,0,1.0,811349.0063639533,0.018704255895906494,0.05373585196413122,0.00016955101329104707,0.0007223576688892798
BP-ms-10,OSD-0,rounds>=2,7,0.00035,0.95215,0,0,0,0,0,0,1.0,711191.1231765022,0.041965029142381344,0.17054848531927114,0.00016955101329104707,0.0007223576688892798
BP-ms-10,OSD-0,rounds>=3,7,0.00035,0.93445,0,0,0,0,0,0,1.0,789403.8111671272,0.027412280701754208,0.07933020319094519,0.00016955101329104707,0.0007223576688892798
BP-ms-10,OSD-0,flag-only,1045,0.05225,0.89255,0,1038,0,0,1038,0,6.7903865311e-313,587355.88711222,-0.038541258192818444,0.31497565936158933,0.04925096595230436,0.05542100865481311
BP-ms-10,OSD-CS4,primary_fail,3,0.00015,0.92695,0,0,0,0,0,0,1.0,6539603.212445105,nan,0.0,5.101389475340828e-05,0.0004409716046718622
BP-ms-10,OSD-CS4,flag>=1,3,0.00015,0.981,0,0,0,0,0,0,1.0,6321961.303647962,0.06055683155005315,0.033280598489976,5.101389475340828e-05,0.0004409716046718622
BP-ms-10,OSD-CS4,flag>=2,3,0.00015,0.95545,0,0,0,0,0,0,1.0,6378811.975424794,0.043704953228032466,0.024587307791751112,5.101389475340828e-05,0.0004409716046718622
BP-ms-10,OSD-CS4,flag>=3,3,0.00015,0.93815,0,0,0,0,0,0,1.0,6444646.618130458,0.029528078038491924,0.014520237884454779,5.101389475340828e-05,0.0004409716046718622
BP-ms-10,OSD-CS4,flag>=4,3,0.00015,0.9304,0,0,0,0,0,0,1.0,6493219.821384217,0.018704255895906494,0.0070926919499672,5.101389475340828e-05,0.0004409716046718622
BP-ms-10,OSD-CS4,rounds>=2,3,0.00015,0.95215,0,0,0,0,0,0,1.0,6391319.590496961,0.041965029142381344,0.022674712384071705,5.101389475340828e-05,0.0004409716046718622
BP-ms-10,OSD-CS4,rounds>=3,3,0.00015,0.93445,0,0,0,0,0,0,1.0,6470926.494772107,0.027412280701754208,0.010501664312339898,5.101389475340828e-05,0.0004409716046718622
BP-ms-10,OSD-CS4,flag-only,1041,0.05205,0.89255,0,1038,0,0,1038,0,6.7903865311e-313,5759566.573409779,-0.038541258192818444,0.11927889410031611,0.049056584084007294,0.055215467340355116
BP-ms-10,LSD-0,primary_fail,7,0.00035,0.92695,0,0,0,0,0,0,1.0,736818.1420086799,nan,0.0,0.00016955101329104707,0.0007223576688892798
BP-ms-10,LSD-0,flag>=1,7,0.00035,0.981,0,0,0,0,0,0,1.0,522104.7492072884,0.06055683155005315,0.2914062243582246,0.00016955101329104707,0.0007223576688892798
BP-ms-10,LSD-0,flag>=2,7,0.00035,0.95545,0,0,0,0,0,0,1.0,577589.9960933968,0.043704953228032466,0.21610236887110656,0.00016955101329104707,0.0007223576688892798
BP-ms-10,LSD-0,flag>=3,7,0.00035,0.93815,0,0,0,0,0,0,1.0,642525.2047677864,0.029528078038491924,0.127973148141869,0.00016955101329104707,0.0007223576688892798
BP-ms-10,LSD-0,flag>=4,7,0.00035,0.9304,0,0,0,0,0,0,1.0,690653.6238341194,0.018704255895906494,0.06265388369606228,0.00016955101329104707,0.0007223576688892798
BP-ms-10,LSD-0,rounds>=2,7,0.00035,0.95215,0,0,0,0,0,0,1.0,589933.7710523324,0.041965029142381344,0.19934955802787113,0.00016955101329104707,0.0007223576688892798
BP-ms-10,LSD-0,rounds>=3,7,0.00035,0.93445,0,0,0,0,0,0,1.0,668602.3285254036,0.027412280701754208,0.0925816149115295,0.00016955101329104707,0.0007223576688892798
BP-ms-10,LSD-0,flag-only,1045,0.05225,0.89255,0,1038,0,0,1038,0,6.7903865311e-313,478364.44792535476,-0.038541258192818444,0.35076999241460116,0.04925096595230436,0.05542100865481311
BP-ms-10,LSD-CS4,primary_fail,7,0.00035,0.92695,0,0,0,0,0,0,1.0,782516.5378009651,nan,0.0,0.00016955101329104707,0.0007223576688892798
BP-ms-10,LSD-CS4,flag>=1,7,0.00035,0.981,0,0,0,0,0,0,1.0,568295.1912299935,0.06055683155005315,0.27375951334265514,0.00016955101329104707,0.0007223576688892798
BP-ms-10,LSD-CS4,flag>=2,7,0.00035,0.95545,0,0,0,0,0,0,1.0,623593.0924465462,0.043704953228032466,0.2030927624878408,0.00016955101329104707,0.0007223576688892798
BP-ms-10,LSD-CS4,flag>=3,7,0.00035,0.93815,0,0,0,0,0,0,1.0,688360.5821589485,0.029528078038491924,0.1203245568542417,0.00016955101329104707,0.0007223576688892798
BP-ms-10,LSD-CS4,flag>=4,7,0.00035,0.9304,0,0,0,0,0,0,1.0,736396.5912293342,0.018704255895906494,0.05893798321660726,0.00016955101329104707,0.0007223576688892798
BP-ms-10,LSD-CS4,rounds>=2,7,0.00035,0.95215,0,0,0,0,0,0,1.0,635926.328495179,0.041965029142381344,0.18733177156579373,0.00016955101329104707,0.0007223576688892798
BP-ms-10,LSD-CS4,rounds>=3,7,0.00035,0.93445,0,0,0,0,0,0,1.0,714403.3184814582,0.027412280701754208,0.08704380805921275,0.00016955101329104707,0.0007223576688892798
BP-ms-10,LSD-CS4,flag-only,1045,0.05225,0.89255,0,1038,0,0,1038,0,6.7903865311e-313,519874.70407911454,-0.038541258192818444,0.3356374223858949,0.04925096595230436,0.05542100865481311
BP-ms-30,OSD-0,primary_fail,7,0.00035,0.87205,0,0,0,0,0,0,1.0,1267814.181598156,nan,0.0,0.00016955101329104707,0.0007223576688892798
BP-ms-30,OSD-0,flag>=1,7,0.00035,0.9703,0,0,0,0,0,0,1.0,679536.1672991813,0.11007786678617451,0.4640096497086149,0.00016955101329104707,0.0007223576688892798
BP-ms-30,OSD-0,flag>=2,7,0.00035,0.92615,0,0,0,0,0,0,1.0,825298.669191198,0.08296273577672142,0.3490381467804222,0.00016955101329104707,0.0007223576688892798
BP-ms-30,OSD-0,flag>=3,7,0.00035,0.89545,0,0,0,0,0,0,1.0,1003258.1974460807,0.06169259161613492,0.20867094562594857,0.00016955101329104707,0.0007223576688892798
BP-ms-30,OSD-0,flag>=4,7,0.00035,0.8794,0,0,0,0,0,0,1.0,1137523.5073788688,0.03984819734345334,0.10276795772630343,0.00016955101329104707,0.0007223576688892798
BP-ms-30,OSD-0,rounds>=2,7,0.00035,0.92045,0,0,0,0,0,0,1.0,859327.2530891472,0.08059950041631973,0.32219779084194067,0.00016955101329104707,0.0007223576688892798
BP-ms-30,OSD-0,rounds>=3,7,0.00035,0.88745,0,0,0,0,0,0,1.0,1076014.9117897088,0.056286549707602225,0.15128342354293012,0.00016955101329104707,0.0007223576688892798
BP-ms-30,OSD-0,flag-only,896,0.0448,0.89255,0,889,0,0,889,0,4.845781754539109e-268,626846.1045581658,0.02296790095792949,0.5055694173037341,0.04201936378249311,0.04775547226699851
BP-ms-30,OSD-CS4,primary_fail,3,0.00015,0.87205,0,0,0,0,0,0,1.0,6963901.949044251,nan,0.0,5.101389475340828e-05,0.0004409716046718622
BP-ms-30,OSD-CS4,flag>=1,3,0.00015,0.9703,0,0,0,0,0,0,1.0,6360475.519430724,0.11007786678617451,0.08665062116452449,5.101389475340828e-05,0.0004409716046718622
BP-ms-30,OSD-CS4,flag>=2,3,0.00015,0.92615,0,0,0,0,0,0,1.0,6512385.066043298,0.08296273577672142,0.06483676627051316,5.101389475340828e-05,0.0004409716046718622
BP-ms-30,OSD-CS4,flag>=3,3,0.00015,0.89545,0,0,0,0,0,0,1.0,6695111.653056579,0.06169259161613492,0.03859765659459946,5.101389475340828e-05,0.0004409716046718622
BP-ms-30,OSD-CS4,flag>=4,3,0.00015,0.8794,0,0,0,0,0,0,1.0,6832168.207650793,0.03984819734345334,0.018916656546483668,5.101389475340828e-05,0.0004409716046718622
BP-ms-30,OSD-CS4,rounds>=2,3,0.00015,0.92045,0,0,0,0,0,0,1.0,6547274.003570837,0.08059950041631973,0.05982679660367607,5.101389475340828e-05,0.0004409716046718622
BP-ms-30,OSD-CS4,rounds>=3,3,0.00015,0.88745,0,0,0,0,0,0,1.0,6769324.245720178,0.056286549707602225,0.027940902205088824,5.101389475340828e-05,0.0004409716046718622
BP-ms-30,OSD-CS4,flag-only,892,0.0446,0.89255,0,889,0,0,889,0,4.845781754539109e-268,5799056.790855724,0.02296790095792949,0.16726903490483436,0.04182550483322408,0.04754940803351248
BP-ms-30,LSD-0,primary_fail,7,0.00035,0.87205,0,0,0,0,0,0,1.0,1151322.5393583123,nan,0.0,0.00016955101329104707,0.0007223576688892798
BP-ms-30,LSD-0,flag>=1,7,0.00035,0.9703,0,0,0,0,0,0,1.0,558652.6212869255,0.11007786678617451,0.5147731394207833,0.00016955101329104707,0.0007223576688892798
BP-ms-30,LSD-0,flag>=2,7,0.00035,0.92615,0,0,0,0,0,0,1.0,706024.6252775261,0.08296273577672142,0.38677077782996605,0.00016955101329104707,0.0007223576688892798
BP-ms-30,LSD-0,flag>=3,7,0.00035,0.89545,0,0,0,0,0,0,1.0,885654.2728307244,0.06169259161613492,0.2307505129497922,0.00016955101329104707,0.0007223576688892798
BP-ms-30,LSD-0,flag>=4,7,0.00035,0.8794,0,0,0,0,0,0,1.0,1020617.3389165153,0.03984819734345334,0.11352613709329906,0.00016955101329104707,0.0007223576688892798
BP-ms-30,LSD-0,rounds>=2,7,0.00035,0.92045,0,0,0,0,0,0,1.0,740449.3322014031,0.08059950041631973,0.35687063625620385,0.00016955101329104707,0.0007223576688892798
BP-ms-30,LSD-0,rounds>=3,7,0.00035,0.88745,0,0,0,0,0,0,1.0,958883.7989771843,0.056286549707602225,0.16714581171005594,0.00016955101329104707,0.0007223576688892798
BP-ms-30,LSD-0,flag-only,896,0.0448,0.89255,0,889,0,0,889,0,4.845781754539109e-268,517854.6653713005,0.02296790095792949,0.5502088705221337,0.04201936378249311,0.04775547226699851
BP-ms-30,LSD-CS4,primary_fail,7,0.00035,0.87205,0,0,0,0,0,0,1.0,1195234.285464953,nan,0.0,0.00016955101329104707,0.0007223576688892798
BP-ms-30,LSD-CS4,flag>=1,7,0.00035,0.9703,0,0,0,0,0,0,1.0,604447.2798240837,0.11007786678617451,0.4942855244577006,0.00016955101329104707,0.0007223576688892798
BP-ms-30,LSD-CS4,flag>=2,7,0.00035,0.92615,0,0,0,0,0,0,1.0,751118.4711067497,0.08296273577672142,0.37157218443197493,0.00016955101329104707,0.0007223576688892798
BP-ms-30,LSD-CS4,flag>=3,7,0.00035,0.89545,0,0,0,0,0,0,1.0,930143.7830598748,0.06169259161613492,0.2217895734993549,0.00016955101329104707,0.0007223576688892798
BP-ms-30,LSD-CS4,flag>=4,7,0.00035,0.8794,0,0,0,0,0,0,1.0,1064743.1801854607,0.03984819734345334,0.10917617312887773,0.00016955101329104707,0.0007223576688892798
BP-ms-30,LSD-CS4,rounds>=2,7,0.00035,0.92045,0,0,0,0,0,0,1.0,785398.8359307732,0.08059950041631973,0.3428913096939412,0.00016955101329104707,0.0007223576688892798
BP-ms-30,LSD-CS4,rounds>=3,7,0.00035,0.88745,0,0,0,0,0,0,1.0,1003133.1877442742,0.056286549707602225,0.16072254624619509,0.00016955101329104707,0.0007223576688892798
BP-ms-30,LSD-CS4,flag-only,896,0.0448,0.89255,0,889,0,0,889,0,4.845781754539109e-268,559364.9215250603,0.02296790095792949,0.5320039524238847,0.04201936378249311,0.04775547226699851
BP-ps-30,OSD-0,primary_fail,7,0.00035,0.78505,0,0,0,0,0,0,1.0,1209622.2892051658,nan,0.0,0.00016955101329104707,0.0007223576688892798
BP-ps-30,OSD-0,flag>=1,7,0.00035,0.95345,0,0,0,0,0,0,1.0,663463.9231116356,0.1886729034787967,0.45151149327151285,0.00016955101329104707,0.0007223576688892798
BP-ps-30,OSD-0,flag>=2,7,0.00035,0.88335,0,0,0,0,0,0,1.0,786784.1695392479,0.15074375095844186,0.3495621099572841,0.00016955101329104707,0.0007223576688892798
BP-ps-30,OSD-0,flag>=3,7,0.00035,0.82735,0,0,0,0,0,0,1.0,948144.9173530663,0.11152122330609017,0.2161644789332664,0.00016955101329104707,0.0007223576688892798
BP-ps-30,OSD-0,flag>=4,7,0.00035,0.79865,0,0,0,0,0,0,1.0,1075947.6496348535,0.07373271889400893,0.1105094050954939,0.00016955101329104707,0.0007223576688892798
BP-ps-30,OSD-0,rounds>=2,7,0.00035,0.8729,0,0,0,0,0,0,1.0,817221.8839518944,0.14629475437135717,0.3243991192582232,0.00016955101329104707,0.0007223576688892798
BP-ps-30,OSD-0,rounds>=3,7,0.00035,0.81355,0,0,0,0,0,0,1.0,1018820.6005502342,0.10416666666666655,0.15773658468240204,0.00016955101329104707,0.0007223576688892798
BP-ps-30,OSD-0,flag-only,651,0.03255,0.89255,0,644,0,0,644,0,2.739761686260504e-194,623743.1243321435,0.12044143185255721,0.48434885013403595,0.030178959324477065,0.03510058178126735
BP-ps-30,OSD-CS4,primary_fail,3,0.00015,0.78505,0,0,0,0,0,0,1.0,6093936.3363743555,nan,0.0,5.101389475340828e-05,0.0004409716046718622
BP-ps-30,OSD-CS4,flag>=1,3,0.00015,0.95345,0,0,0,0,0,0,1.0,6205596.864934683,0.1886729034787967,-0.018323218753342196,5.101389475340828e-05,0.0004409716046718622
BP-ps-30,OSD-CS4,flag>=2,3,0.00015,0.88335,0,0,0,0,0,0,1.0,6092935.934508144,0.15074375095844186,0.00016416349154158016,5.101389475340828e-05,0.0004409716046718622
BP-ps-30,OSD-CS4,flag>=3,3,0.00015,0.82735,0,0,0,0,0,0,1.0,6022367.649709316,0.11152122330609017,0.011744245872384651,5.101389475340828e-05,0.0004409716046718622
BP-ps-30,OSD-CS4,flag>=4,3,0.00015,0.79865,0,0,0,0,0,0,1.0,6025741.161068935,0.07373271889400893,0.011190660935915475,5.101389475340828e-05,0.0004409716046718622
BP-ps-30,OSD-CS4,rounds>=2,3,0.00015,0.8729,0,0,0,0,0,0,1.0,6078873.682846474,0.14629475437135717,0.0024717444844267744,5.101389475340828e-05,0.0004409716046718622
BP-ps-30,OSD-CS4,rounds>=3,3,0.00015,0.81355,0,0,0,0,0,0,1.0,6031160.706266299,0.10416666666666655,0.010301326867061644,5.101389475340828e-05,0.0004409716046718622
BP-ps-30,OSD-CS4,flag-only,647,0.03235,0.89255,0,644,0,0,644,0,2.739761686260504e-194,5795953.810629702,0.12044143185255721,0.048898201309720446,0.029986304753973524,0.03489331316901583
BP-ps-30,LSD-0,primary_fail,7,0.00035,0.78505,0,0,0,0,0,0,1.0,1108427.0628532127,nan,0.0,0.00016955101329104707,0.0007223576688892798
BP-ps-30,LSD-0,flag>=1,7,0.00035,0.95345,0,0,0,0,0,0,1.0,545406.4183603172,0.1886729034787967,0.5079455954852082,0.00016955101329104707,0.0007223576688892798
BP-ps-30,LSD-0,flag>=2,7,0.00035,0.88335,0,0,0,0,0,0,1.0,675664.3403646874,0.15074375095844186,0.39042958891182855,0.00016955101329104707,0.0007223576688892798
BP-ps-30,LSD-0,flag>=3,7,0.00035,0.82735,0,0,0,0,0,0,1.0,842192.9062100243,0.11152122330609017,0.24019095668583967,0.00016955101329104707,0.0007223576688892798
BP-ps-30,LSD-0,flag>=4,7,0.00035,0.79865,0,0,0,0,0,0,1.0,973037.6317145897,0.07373271889400893,0.122145548115828,0.00016955101329104707,0.0007223576688892798
BP-ps-30,LSD-0,rounds>=2,7,0.00035,0.8729,0,0,0,0,0,0,1.0,707201.9780408592,0.14629475437135717,0.361976983654257,0.00016955101329104707,0.0007223576688892798
BP-ps-30,LSD-0,rounds>=3,7,0.00035,0.81355,0,0,0,0,0,0,1.0,914507.2391060692,0.10416666666666655,0.17495045930038244,0.00016955101329104707,0.0007223576688892798
BP-ps-30,LSD-0,flag-only,651,0.03255,0.89255,0,644,0,0,644,0,2.739761686260504e-194,514751.68514527817,0.12044143185255721,0.5356016625755682,0.030178959324477065,0.03510058178126735
BP-ps-30,LSD-CS4,primary_fail,7,0.00035,0.78505,0,0,0,0,0,0,1.0,1147538.9529697166,nan,0.0,0.00016955101329104707,0.0007223576688892798
BP-ps-30,LSD-CS4,flag>=1,7,0.00035,0.95345,0,0,0,0,0,0,1.0,590261.8108462059,0.1886729034787967,0.48562808319607187,0.00016955101329104707,0.0007223576688892798
BP-ps-30,LSD-CS4,flag>=2,7,0.00035,0.88335,0,0,0,0,0,0,1.0,718448.9621378075,0.15074375095844186,0.3739219394003723,0.00016955101329104707,0.0007223576688892798
BP-ps-30,LSD-CS4,flag>=3,7,0.00035,0.82735,0,0,0,0,0,0,1.0,882887.9656686669,0.11152122330609017,0.23062483989424443,0.00016955101329104707,0.0007223576688892798
BP-ps-30,LSD-CS4,flag>=4,7,0.00035,0.79865,0,0,0,0,0,0,1.0,1012677.092245742,0.07373271889400893,0.11752268659374532,0.00016955101329104707,0.0007223576688892798
BP-ps-30,LSD-CS4,rounds>=2,7,0.00035,0.8729,0,0,0,0,0,0,1.0,749450.4405033836,0.14629475437135717,0.346906317590457,0.00016955101329104707,0.0007223576688892798
BP-ps-30,LSD-CS4,rounds>=3,7,0.00035,0.81355,0,0,0,0,0,0,1.0,954628.2865224754,0.10416666666666655,0.1681081639520886,0.00016955101329104707,0.0007223576688892798
BP-ps-30,LSD-CS4,flag-only,651,0.03255,0.89255,0,644,0,0,644,0,2.739761686260504e-194,556261.9412990379,0.12044143185255721,0.5152565933735954,0.030178959324477065,0.03510058178126735
