arm,osd_order,code,rounds,p,shots,seed,failures,ler,ci_low,ci_high,time_p50_us,time_p99_us,bp_iters,detectors,faults,qubits
unflagged,0,"[[72, 12, 6]]",12,0.001,50000,20260930,526,0.01052,0.009662550486404527,0.01145265918980563,2024.14990234375,12089.7138671875,8.72404,468,4392,144
unflagged,2,"[[72, 12, 6]]",12,0.001,50000,20260930,190,0.0038,0.003297489053573385,0.004378753165384448,1606.199951171875,135517.09375,8.72404,468,4392,144
unflagged,4,"[[72, 12, 6]]",12,0.001,50000,20260930,190,0.0038,0.003297489053573385,0.004378753165384448,1739.64990234375,139104.578125,8.72404,468,4392,144
blind,0,"[[72, 12, 6]]",12,0.001,50000,20260930,902,0.01804,0.016909846145682767,0.019244208066024043,7245.7001953125,12083.71484375,18.3975,468,5688,180
blind,2,"[[72, 12, 6]]",12,0.001,50000,20260930,296,0.00592,0.005284490461857964,0.00663142601444733,181245.59375,230966.09375,18.3975,468,5688,180
blind,4,"[[72, 12, 6]]",12,0.001,50000,20260930,295,0.0059,0.005265620126802735,0.006610299422546449,180775.65625,228085.90625,18.3975,468,5688,180
sighted,0,"[[72, 12, 6]]",12,0.001,50000,20260930,255,0.0051,0.00451251307111457,0.0057635293999902925,4730.5498046875,10980.5185546875,11.76146,900,5688,180
sighted,2,"[[72, 12, 6]]",12,0.001,50000,20260930,60,0.0012,0.000932462760686903,0.001544178953976876,5267.650390625,237143.3125,11.76182,900,5688,180
sighted,4,"[[72, 12, 6]]",12,0.001,50000,20260930,59,0.00118,0.0009149802965056158,0.0015216644912020554,5431.0,238654.59375,11.76146,900,5688,180
